<?xml version="1.0" encoding="UTF-8"?>
<project-private xmlns="http://www.netbeans.org/ns/project-private/1">
    <editor-bookmarks xmlns="http://www.netbeans.org/ns/editor-bookmarks/2" lastBookmarkId="0"/>
    <open-files xmlns="http://www.netbeans.org/ns/projectui-open-files/2">
        <group>
            <file>file:/D:/MaterialPUC/Algoritmos%20em%20Grafos/Trabalhos/TrabalhoGrafos2020/TrabalhoGrafos_2020-2/TrabalhoGrafos2020/src/Modelagem/Problema.java</file>
            <file>file:/D:/MaterialPUC/Algoritmos%20em%20Grafos/Trabalhos/TrabalhoGrafos2020/TrabalhoGrafos_2020-2/TrabalhoGrafos2020/src/Algoritmos/Guloso.java</file>
            <file>file:/D:/MaterialPUC/Algoritmos%20em%20Grafos/Trabalhos/TrabalhoGrafos2020/TrabalhoGrafos_2020-2/TrabalhoGrafos2020/src/Algoritmos/Heuristica.java</file>
            <file>file:/D:/MaterialPUC/Algoritmos%20em%20Grafos/Trabalhos/TrabalhoGrafos2020/TrabalhoGrafos_2020-2/TrabalhoGrafos2020/src/Modelagem/Grafo.java</file>
            <file>file:/D:/MaterialPUC/Algoritmos%20em%20Grafos/Trabalhos/TrabalhoGrafos2020/TrabalhoGrafos_2020-2/TrabalhoGrafos2020/src/UI/Tela.java</file>
        </group>
    </open-files>
</project-private>
